Block,total_occurences,sample_occurences
minecraft:air,6386779191,18973
minecraft:dirt,426260367,17577
minecraft:grass_block,121590117,16460
minecraft:coarse_dirt,1464126,951
minecraft:green_concrete,121431,163
minecraft:green_wool,528273,1390
minecraft:cyan_terracotta,1462902,868
minecraft:oak_leaves,41707027,10298
minecraft:dark_oak_leaves,6267000,1110
minecraft:green_glazed_terracotta,20492,58
minecraft:grass,14273267,12930
minecraft:spruce_planks,3070202,3483
minecraft:oak_log,5264176,10739
minecraft:brick_stairs,240953,1118
minecraft:oak_slab,593611,2924
minecraft:spruce_stairs,686415,2803
minecraft:spruce_slab,668711,2556
minecraft:flower_pot,26780,1831
minecraft:yellow_stained_glass,34117,311
minecraft:birch_leaves,10937972,5755
minecraft:lime_stained_glass,47828,254
minecraft:white_carpet,99146,1414
minecraft:red_carpet,119082,1298
minecraft:birch_planks,1731485,2304
minecraft:oak_trapdoor,232317,4053
minecraft:grass_path,115484,336
minecraft:large_fern,216019,2362
minecraft:stone_button,109184,3831
minecraft:quartz_slab,1001425,2493
minecraft:iron_bars,703766,3808
minecraft:quartz_pillar,741364,1441
minecraft:light_gray_terracotta,1665433,685
minecraft:quartz_block,6835078,2806
minecraft:quartz_stairs,707099,2595
minecraft:dark_oak_slab,391264,1261
minecraft:white_stained_glass_pane,197170,881
minecraft:stone_bricks,11418696,4497
minecraft:red_tulip,22359,840
minecraft:orange_tulip,19162,751
minecraft:azure_bluet,77688,3037
minecraft:cobblestone_wall,610459,2641
minecraft:lilac,28504,2040
minecraft:birch_door,13044,556
minecraft:white_stained_glass,307361,808
minecraft:dark_oak_door,32394,882
minecraft:gray_terracotta,891474,567
minecraft:dark_oak_stairs,290933,1246
minecraft:white_tulip,18894,743
minecraft:chiseled_quartz_block,517965,1049
minecraft:end_rod,32300,537
minecraft:bone_block,63587,181
minecraft:white_terracotta,2060014,885
minecraft:dark_oak_wood,28906,84
minecraft:anvil,66205,2013
minecraft:player_head,5335,154
minecraft:potted_oak_sapling,5774,500
minecraft:brown_terracotta,1948156,540
minecraft:oak_stairs,1103228,4655
minecraft:spruce_log,3894579,5266
minecraft:bricks,2101979,2025
minecraft:oak_button,36198,1478
minecraft:spruce_leaves,14588563,4340
minecraft:snow,9243507,3435
minecraft:dark_oak_planks,1230059,1347
minecraft:potted_azure_bluet,359,110
minecraft:white_wool,3915927,3391
minecraft:white_concrete,5649806,495
minecraft:jungle_planks,621615,1384
minecraft:red_wool,1129381,3220
minecraft:oak_wall_sign,172328,5334
minecraft:light_gray_wall_banner,2323,77
minecraft:glass_pane,1012933,4183
minecraft:player_wall_head,1230,73
minecraft:glowstone,1967562,5245
minecraft:brown_carpet,33070,700
minecraft:light_gray_carpet,91806,943
minecraft:mushroom_stem,26009,58
minecraft:iron_trapdoor,41954,792
minecraft:cobblestone_stairs,645851,3191
minecraft:cobblestone,8254904,6091
minecraft:tripwire_hook,16293,1469
minecraft:snow_block,4590378,1133
minecraft:acacia_log,236256,1125
minecraft:light_gray_wool,1499560,1608
minecraft:sea_lantern,205927,958
minecraft:stone_brick_stairs,1588246,3954
minecraft:coal_block,536791,805
minecraft:bookshelf,354321,3809
minecraft:ladder,180337,4055
minecraft:birch_stairs,155998,1603
minecraft:spruce_wood,51438,127
minecraft:oak_wood,39659,165
minecraft:black_concrete,1037367,431
minecraft:lever,52234,4011
minecraft:cauldron,26286,2707
minecraft:stone_pressure_plate,43044,2690
minecraft:oak_planks,7003130,5539
minecraft:red_wall_banner,2482,135
minecraft:potted_blue_orchid,860,147
minecraft:sand,77810269,12161
minecraft:hopper,27075,1365
minecraft:spruce_fence,150054,946
minecraft:light_blue_wool,419192,1263
minecraft:potted_oxeye_daisy,191,87
minecraft:birch_slab,193455,1383
minecraft:black_stained_glass,331091,864
minecraft:red_bed,3306,171
minecraft:white_wall_banner,4548,222
minecraft:prismarine_bricks,100607,185
minecraft:red_concrete,167840,274
minecraft:pink_wool,237638,716
minecraft:black_wall_banner,2100,106
minecraft:water,405615258,16189
minecraft:jungle_leaves,6599865,1960
minecraft:hay_block,63764,684
minecraft:furnace,57187,4052
minecraft:gray_stained_glass,244171,437
minecraft:gray_concrete,387755,315
minecraft:gray_wall_banner,776,58
minecraft:brown_wool,453586,954
minecraft:note_block,24053,951
minecraft:potted_fern,1458,324
minecraft:cobblestone_slab,517172,2518
minecraft:heavy_weighted_pressure_plate,13475,1170
minecraft:light_blue_wall_banner,575,73
minecraft:gray_wool,1952995,1734
minecraft:potted_white_tulip,198,59
minecraft:gray_carpet,104332,1074
minecraft:brewing_stand,6951,1424
minecraft:glass,2851263,4532
minecraft:pink_tulip,13488,740
minecraft:allium,19971,537
minecraft:torch,209702,3640
minecraft:lime_carpet,15976,412
minecraft:yellow_carpet,23548,519
minecraft:yellow_wool,799339,1466
minecraft:polished_diorite,695933,616
minecraft:sugar_cane,97933,3935
minecraft:oak_sign,16726,2796
minecraft:stone,1543597472,15775
minecraft:andesite,37057422,5864
minecraft:granite,34234324,5617
minecraft:fern,761531,2967
minecraft:tall_grass,714644,5700
minecraft:polished_andesite,1311117,1044
minecraft:coal_ore,19481120,12265
minecraft:orange_wool,367840,1217
minecraft:light_gray_stained_glass,169719,440
minecraft:purple_stained_glass,173335,159
minecraft:stone_brick_slab,1049467,3173
minecraft:redstone_lamp,240356,2680
minecraft:light_blue_concrete_powder,8263,43
minecraft:light_blue_concrete,110756,171
minecraft:light_blue_stained_glass,722989,411
minecraft:gravel,40815788,13768
minecraft:diamond_block,415392,1294
minecraft:cyan_stained_glass,159751,260
minecraft:smooth_stone_slab,4392970,5036
minecraft:cracked_stone_bricks,523207,1212
minecraft:netherrack,1068213,2114
minecraft:fire,43517,1980
minecraft:jack_o_lantern,15602,455
minecraft:poppy,234660,9472
minecraft:wall_torch,474078,5178
minecraft:diorite,34549227,5679
minecraft:blue_orchid,18992,958
minecraft:sunflower,310673,3617
minecraft:dandelion,399569,10693
minecraft:sandstone,58239455,5926
minecraft:redstone_wall_torch,55351,2343
minecraft:chiseled_sandstone,584322,769
minecraft:chiseled_red_sandstone,18627,85
minecraft:spruce_door,21976,859
minecraft:piston,44118,1745
minecraft:repeater,85144,2063
minecraft:redstone_wire,344064,2914
minecraft:tripwire,28961,538
minecraft:sandstone_stairs,322331,1269
minecraft:lava,2747377,4930
minecraft:command_block,12519,992
minecraft:sticky_piston,25208,1737
minecraft:birch_pressure_plate,328,68
minecraft:piston_head,26154,1995
minecraft:birch_wall_sign,5224,182
minecraft:cut_sandstone_slab,18115,89
minecraft:sandstone_wall,20353,130
minecraft:sandstone_slab,517031,1658
minecraft:redstone_torch,62289,2649
minecraft:red_sandstone,304559,211
minecraft:iron_door,54077,3015
minecraft:brown_concrete_powder,21125,47
minecraft:rose_bush,33683,2052
minecraft:podzol,1354539,805
minecraft:acacia_leaves,990875,1062
minecraft:dead_horn_coral_fan,660,31
minecraft:oak_fence,1476164,6280
minecraft:stripped_oak_wood,72273,131
minecraft:oak_pressure_plate,42712,2716
minecraft:oak_fence_gate,25668,2258
minecraft:spruce_sapling,8644,123
minecraft:spruce_wall_sign,5995,214
minecraft:jungle_button,493,20
minecraft:spruce_fence_gate,63628,421
minecraft:mossy_stone_brick_stairs,2475,65
minecraft:stone_stairs,33008,222
minecraft:spruce_trapdoor,78827,484
minecraft:spruce_button,2411,94
minecraft:dead_horn_coral_block,304,22
minecraft:mossy_cobblestone,505489,2090
minecraft:mossy_stone_bricks,259422,996
minecraft:stone_brick_wall,59749,252
minecraft:observer,2983,139
minecraft:dead_bush,72047,2452
minecraft:stone_slab,70647,280
minecraft:cobweb,169414,1975
minecraft:chiseled_stone_bricks,495229,1536
minecraft:comparator,3955,474
minecraft:spruce_pressure_plate,648,66
minecraft:mossy_cobblestone_stairs,4642,73
minecraft:mossy_cobblestone_slab,7070,92
minecraft:green_concrete_powder,54496,59
minecraft:smooth_stone,1215708,509
minecraft:potted_allium,696,100
minecraft:birch_wood,7303,41
minecraft:smooth_quartz_slab,106738,280
minecraft:cyan_concrete,90490,103
minecraft:nether_brick_wall,1593,50
minecraft:black_carpet,84925,1005
minecraft:light_blue_carpet,22037,484
minecraft:prismarine_brick_slab,5191,57
minecraft:potted_poppy,7553,905
minecraft:potted_lily_of_the_valley,386,118
minecraft:potted_cornflower,413,131
minecraft:potted_dandelion,5846,719
minecraft:light_blue_terracotta,237972,497
minecraft:dark_oak_fence,110975,828
minecraft:chest,158797,5908
minecraft:lantern,38555,507
minecraft:dark_oak_trapdoor,34633,313
minecraft:jukebox,13330,1727
minecraft:andesite_wall,14426,180
minecraft:dark_oak_wall_sign,4552,172
minecraft:red_nether_brick_wall,5671,41
minecraft:green_carpet,58339,604
minecraft:potted_red_tulip,426,110
minecraft:birch_trapdoor,15867,239
minecraft:blue_wool,554538,1832
minecraft:blue_concrete,1214151,167
minecraft:light_blue_stained_glass_pane,53909,314
minecraft:black_bed,798,63
minecraft:campfire,6254,337
minecraft:lime_terracotta,509752,533
minecraft:birch_fence,65297,623
minecraft:gray_shulker_box,712,51
minecraft:dragon_egg,755,147
minecraft:bell,461,148
minecraft:light_blue_bed,370,54
minecraft:rail,183164,2123
minecraft:white_shulker_box,28475,90
minecraft:blast_furnace,1935,199
minecraft:lily_of_the_valley,2617,112
minecraft:potted_orange_tulip,1079,76
minecraft:cornflower,7560,256
minecraft:potted_pink_tulip,938,82
minecraft:oak_door,179025,4660
minecraft:iron_block,3670205,3492
minecraft:light_blue_shulker_box,432,38
minecraft:smoker,1300,201
minecraft:bamboo_sapling,27,12
minecraft:pink_bed,220,30
minecraft:barrier,6010969,587
minecraft:dark_oak_fence_gate,6068,323
minecraft:barrel,16825,374
minecraft:end_portal_frame,5642,387
minecraft:composter,1630,175
minecraft:daylight_detector,28789,830
minecraft:dark_prismarine,129584,283
minecraft:cyan_carpet,18293,441
minecraft:crafting_table,36245,3557
minecraft:cartography_table,502,119
minecraft:nether_brick_stairs,329079,1345
minecraft:scaffolding,5712,177
minecraft:lectern,1876,198
minecraft:white_bed,4889,112
minecraft:cake,79509,921
minecraft:prismarine_wall,2205,41
minecraft:loom,3220,180
minecraft:yellow_bed,516,60
minecraft:fletching_table,216,69
minecraft:lily_pad,111330,1882
minecraft:smooth_quartz,937412,329
minecraft:polished_andesite_slab,42684,199
minecraft:oxeye_daisy,57702,2924
minecraft:seagrass,21718,195
minecraft:light_gray_concrete,365466,290
minecraft:yellow_concrete,83857,223
minecraft:orange_concrete,44657,109
minecraft:dispenser,19319,1783
minecraft:black_wool,2184879,3113
minecraft:powered_rail,74054,954
minecraft:detector_rail,6661,483
minecraft:farmland,355154,1829
minecraft:carrots,31311,630
minecraft:wheat,259910,1643
minecraft:potatoes,305277,677
minecraft:redstone_block,126704,1281
minecraft:cactus,52072,1803
minecraft:terracotta,8743829,474
minecraft:clay,1448682,7791
minecraft:sweet_berry_bush,2141,72
minecraft:birch_button,4576,113
minecraft:gray_bed,431,54
minecraft:stripped_oak_log,23064,121
minecraft:smooth_sandstone,619447,251
minecraft:smooth_sandstone_stairs,63089,158
minecraft:grindstone,1620,184
minecraft:cyan_bed,370,56
minecraft:potted_cactus,1552,335
minecraft:green_bed,1406,53
minecraft:smooth_sandstone_slab,37793,147
minecraft:potted_red_mushroom,3701,250
minecraft:potted_brown_mushroom,799,249
minecraft:purple_bed,140,34
minecraft:potted_bamboo,278,59
minecraft:sea_pickle,1605,165
minecraft:potted_wither_rose,120,47
minecraft:brick_slab,412179,1090
minecraft:brown_bed,1071,57
minecraft:stonecutter,233,106
minecraft:smithing_table,1413,129
minecraft:iron_ore,8051411,10180
minecraft:gold_ore,658808,2245
minecraft:blue_bed,411,55
minecraft:blue_carpet,27508,571
minecraft:potted_dead_bush,817,216
minecraft:orange_bed,229,36
minecraft:cave_air,267355,257
minecraft:potted_acacia_sapling,299,55
minecraft:potted_jungle_sapling,1776,415
minecraft:stripped_jungle_wood,16934,51
minecraft:potted_dark_oak_sapling,241,74
minecraft:potted_birch_sapling,1223,402
minecraft:potted_spruce_sapling,1702,428
minecraft:smooth_quartz_stairs,99392,267
minecraft:jungle_trapdoor,8161,153
minecraft:bedrock,39801735,3519
minecraft:emerald_block,122237,709
minecraft:nether_brick_slab,259536,1005
minecraft:beacon,58987,1219
minecraft:yellow_terracotta,1300951,740
minecraft:birch_fence_gate,144208,217
minecraft:gray_stained_glass_pane,97682,439
minecraft:bed,93946,3608
minecraft:banner,11510,189
minecraft:mossy_cobblestone_wall,25495,460
minecraft:redstone_ore,533637,1494
minecraft:lapis_ore,281596,2080
minecraft:diamond_ore,98934,1459
minecraft:vine,5558415,2969
minecraft:wall_skull,7305,463
minecraft:enchanting_table,5010,1667
minecraft:purple_wool,140654,803
minecraft:soul_sand,117846,530
minecraft:red_sand,2415509,340
minecraft:acacia_planks,252421,561
minecraft:orange_terracotta,4288574,630
minecraft:red_terracotta,1871627,1032
minecraft:brown_stained_glass_pane,18087,132
minecraft:purple_stained_glass_pane,8386,115
minecraft:acacia_slab,84311,477
minecraft:brown_stained_glass,17257,135
minecraft:jungle_door,3739,282
minecraft:black_stained_glass_pane,196173,884
minecraft:light_gray_stained_glass_pane,83908,464
minecraft:polished_granite,172274,362
minecraft:smooth_red_sandstone_stairs,5151,53
minecraft:jungle_slab,96017,808
minecraft:gold_block,1245904,1761
minecraft:fire_coral,215,34
minecraft:tube_coral_block,489,27
minecraft:obsidian,1260861,2147
minecraft:brain_coral,250,30
minecraft:tube_coral,198,38
minecraft:horn_coral_wall_fan,105,16
minecraft:bubble_coral_wall_fan,72,15
minecraft:fire_coral_block,581,24
minecraft:jungle_stairs,109913,980
minecraft:acacia_pressure_plate,121,17
minecraft:acacia_stairs,58662,471
minecraft:acacia_door,7714,382
minecraft:smooth_red_sandstone_slab,4910,44
minecraft:brown_concrete,39702,79
minecraft:dark_prismarine_slab,41253,106
minecraft:lime_wool,233849,1277
minecraft:cyan_wool,311979,1098
minecraft:nether_brick_fence,200559,1732
minecraft:birch_log,1321140,5486
minecraft:jungle_log,1910924,1702
minecraft:lapis_block,364094,1283
minecraft:brown_wall_banner,696,55
minecraft:oak_sapling,637,128
minecraft:white_concrete_powder,25664,99
minecraft:acacia_fence,28041,237
minecraft:brown_banner,50,13
minecraft:skull,13238,1109
minecraft:mossy_stone_brick_slab,2004,55
minecraft:infested_cobblestone,25157,267
minecraft:acacia_trapdoor,7530,165
minecraft:yellow_glazed_terracotta,20409,85
minecraft:acacia_wall_sign,1263,61
minecraft:red_glazed_terracotta,57210,115
minecraft:polished_andesite_stairs,28621,209
minecraft:light_blue_glazed_terracotta,30793,67
minecraft:brown_glazed_terracotta,6383,80
minecraft:white_banner,350,55
minecraft:cyan_glazed_terracotta,7157,43
minecraft:light_gray_glazed_terracotta,5343,70
minecraft:dark_oak_log,2667589,1350
minecraft:polished_granite_stairs,7098,58
minecraft:light_weighted_pressure_plate,3681,331
minecraft:dead_tube_coral_fan,109,18
minecraft:dead_tube_coral,20,10
minecraft:dead_fire_coral,87,10
minecraft:dead_bubble_coral,8,4
minecraft:dead_brain_coral,87,12
minecraft:wither_rose,120,21
minecraft:peony,24703,1909
minecraft:cut_sandstone,2359191,1384
minecraft:smooth_red_sandstone,52280,67
minecraft:blue_terracotta,285821,435
minecraft:birch_sign,206,68
minecraft:acacia_wood,49254,79
minecraft:repeating_command_block,166,44
minecraft:pink_concrete,29340,68
minecraft:green_terracotta,657193,556
minecraft:packed_ice,346393,330
minecraft:red_sandstone_stairs,51256,192
minecraft:purpur_block,36997,75
minecraft:wall_banner,17228,631
minecraft:red_sandstone_slab,62639,203
minecraft:green_shulker_box,1710,44
minecraft:purpur_stairs,9138,107
minecraft:blue_glazed_terracotta,7908,70
minecraft:purpur_slab,6188,93
minecraft:pink_terracotta,123387,225
minecraft:yellow_concrete_powder,4166,42
minecraft:blue_stained_glass_pane,25706,224
minecraft:red_stained_glass_pane,22444,275
minecraft:black_glazed_terracotta,24026,77
minecraft:purpur_pillar,5561,52
minecraft:purple_concrete_powder,2763,23
minecraft:purple_concrete,23571,64
minecraft:magenta_terracotta,60728,170
minecraft:orange_stained_glass_pane,12291,161
minecraft:red_stained_glass,40846,394
minecraft:green_stained_glass_pane,11168,137
minecraft:magenta_carpet,2952,157
minecraft:purple_carpet,21718,259
minecraft:purple_terracotta,67972,192
minecraft:infested_chiseled_stone_bricks,11670,126
minecraft:orange_stained_glass,20908,242
minecraft:nether_bricks,663258,1123
minecraft:magenta_wool,74278,562
minecraft:lime_concrete,40590,101
minecraft:dark_oak_button,1897,85
minecraft:brown_mushroom_block,1109965,592
minecraft:stripped_birch_wood,35774,104
minecraft:jungle_wall_sign,947,71
minecraft:stripped_spruce_log,40896,144
minecraft:jungle_pressure_plate,327,25
minecraft:stripped_dark_oak_log,32707,87
minecraft:turtle_egg,147,43
minecraft:pink_carpet,3225,182
minecraft:spruce_sign,98,30
minecraft:light_gray_bed,642,58
minecraft:dead_fire_coral_fan,212,20
minecraft:pink_wall_banner,273,35
minecraft:light_gray_concrete_powder,23256,71
minecraft:brick_wall,4941,73
minecraft:granite_wall,5775,65
minecraft:diorite_wall,30944,167
minecraft:diorite_stairs,9014,58
minecraft:stripped_spruce_wood,31228,140
minecraft:diorite_slab,10861,63
minecraft:chipped_anvil,1097,216
minecraft:polished_diorite_slab,18298,124
minecraft:activator_rail,2625,140
minecraft:bee_nest,1736,48
minecraft:bee_hive,559,1
minecraft:dark_oak_pressure_plate,771,65
minecraft:yellow_stained_glass_pane,18768,226
minecraft:polished_diorite_stairs,14882,129
minecraft:bamboo,31202,82
minecraft:infested_stone_bricks,122765,480
minecraft:beetroots,6983,144
minecraft:ender_chest,3650,750
minecraft:skeleton_skull,1007,108
minecraft:zombie_head,97,38
minecraft:prismarine_slab,7977,29
minecraft:infested_stone,181205,1371
minecraft:lime_shulker_box,849,38
minecraft:yellow_shulker_box,452,44
minecraft:red_shulker_box,1611,51
minecraft:brown_shulker_box,13635,77
minecraft:pink_shulker_box,116,31
minecraft:jungle_fence_gate,6978,92
minecraft:blue_shulker_box,1425,60
minecraft:magenta_shulker_box,12946,44
minecraft:trapped_chest,9053,692
minecraft:brown_mushroom,66084,4408
minecraft:red_mushroom,14062,2419
minecraft:spawner,4330,1192
minecraft:nether_portal,53655,499
minecraft:ice,1274570,1624
minecraft:creeper_head,86,45
minecraft:acacia_button,1571,39
minecraft:black_terracotta,502204,767
minecraft:dropper,5439,520
minecraft:nether_wart,2081,116
minecraft:yellow_wall_banner,514,63
minecraft:flowing_water,873482,2789
minecraft:flowing_lava,206450,1469
minecraft:carved_pumpkin,17682,1326
minecraft:pink_glazed_terracotta,6281,55
minecraft:purple_glazed_terracotta,2140,56
minecraft:light_blue_banner,45,16
minecraft:dead_fire_coral_block,3915,28
minecraft:dead_tube_coral_block,1425,29
minecraft:cyan_stained_glass_pane,17026,197
minecraft:tall_seagrass,10747,135
minecraft:black_concrete_powder,17679,79
minecraft:emerald_ore,53438,418
minecraft:magma_block,9726,119
minecraft:andesite_stairs,10617,145
minecraft:andesite_slab,14647,154
minecraft:dark_prismarine_stairs,20540,92
minecraft:cocoa,16421,598
minecraft:melon,19515,917
minecraft:mossy_stone_brick_wall,2829,50
minecraft:cyan_concrete_powder,4361,23
minecraft:orange_concrete_powder,40172,25
minecraft:lime_concrete_powder,1212,19
minecraft:red_sandstone_wall,13453,42
minecraft:kelp,4782,88
minecraft:jungle_fence,21004,245
minecraft:jungle_sapling,360,92
minecraft:end_stone_bricks,154167,120
minecraft:end_stone_brick_stairs,3786,33
minecraft:pink_banner,18,7
minecraft:dragon_wall_head,25,12
minecraft:stripped_dark_oak_wood,47715,119
minecraft:dried_kelp_block,2416,28
minecraft:red_nether_brick_slab,5389,76
minecraft:red_nether_bricks,58339,110
minecraft:purple_wall_banner,626,40
minecraft:wet_sponge,425,24
minecraft:end_stone_brick_slab,4220,26
minecraft:cyan_banner,132,18
minecraft:green_banner,15,11
minecraft:creeper_wall_head,63,9
minecraft:zombie_wall_head,69,11
minecraft:wither_skeleton_wall_skull,390,32
minecraft:wither_skeleton_skull,422,79
minecraft:skeleton_wall_skull,96,26
minecraft:dragon_head,85,39
minecraft:blue_wall_banner,1565,79
minecraft:lime_wall_banner,436,29
minecraft:cyan_wall_banner,497,56
minecraft:orange_wall_banner,273,50
minecraft:pumpkin,2591,83
minecraft:green_wall_banner,401,42
minecraft:red_mushroom_block,113291,607
minecraft:horn_coral_block,591,19
minecraft:fire_coral_fan,275,25
minecraft:horn_coral,235,32
minecraft:horn_coral_fan,151,25
minecraft:fire_coral_wall_fan,95,15
minecraft:petrified_oak_slab,76097,797
minecraft:bubble_coral_block,221,14
minecraft:jungle_wood,12650,49
minecraft:brain_coral_block,326,20
minecraft:kelp_plant,14063,75
minecraft:prismarine_brick_stairs,8913,58
minecraft:bubble_coral,217,34
minecraft:bubble_coral_fan,122,17
minecraft:prismarine,76857,168
minecraft:conduit,183,15
minecraft:tube_coral_fan,172,20
minecraft:tube_coral_wall_fan,108,13
minecraft:brain_coral_fan,151,23
minecraft:brain_coral_wall_fan,52,15
minecraft:cut_red_sandstone_slab,929,23
minecraft:orange_carpet,19847,428
minecraft:magenta_glazed_terracotta,679,34
minecraft:cut_red_sandstone,44837,102
minecraft:chorus_plant,2253,26
minecraft:end_stone,303336,393
minecraft:end_portal,2288,171
minecraft:damaged_anvil,1049,144
minecraft:melon_stem,6972,403
minecraft:end_stone_brick_wall,2909,38
minecraft:mycelium,93457,178
minecraft:red_nether_brick_stairs,17120,72
minecraft:nether_wart_block,50830,83
minecraft:white_glazed_terracotta,7560,71
minecraft:wall_sign,411,22
minecraft:wooden_slab,258999,1086
minecraft:sponge,124481,295
minecraft:blue_banner,32,14
minecraft:yellow_banner,58,10
minecraft:lime_banner,164,6
minecraft:black_banner,94,28
minecraft:gray_banner,35,16
minecraft:magenta_banner,13,6
minecraft:red_banner,150,28
minecraft:purple_banner,3,3
minecraft:orange_banner,11,6
minecraft:lime_stained_glass_pane,19648,146
minecraft:bubble_column,4451,62
minecraft:acacia_fence_gate,7227,101
minecraft:acacia_sign,130,14
minecraft:jungle_sign,50,7
minecraft:black_shulker_box,663237,57
minecraft:nether_quartz_ore,12135,117
minecraft:granite_stairs,2261,48
minecraft:stripped_jungle_log,2596,28
minecraft:granite_slab,3619,49
minecraft:gray_concrete_powder,64211,81
minecraft:magenta_bed,82,23
minecraft:slime_block,7448,178
minecraft:light_gray_shulker_box,996,97
minecraft:polished_granite_slab,8973,68
minecraft:attached_melon_stem,480,24
minecraft:dark_oak_sign,95,27
minecraft:stripped_birch_log,16006,65
minecraft:pink_stained_glass,111681,115
minecraft:magenta_stained_glass,18083,115
minecraft:green_stained_glass,21085,174
minecraft:pink_concrete_powder,4544,16
minecraft:gray_glazed_terracotta,5331,75
minecraft:light_gray_banner,52,20
minecraft:polished_blackstone_slab,9972,97
minecraft:polished_blackstone_stairs,12827,101
minecraft:polished_blackstone,34648,95
minecraft:polished_blackstone_button,2684,113
minecraft:cyan_shulker_box,9819,60
minecraft:magenta_stained_glass_pane,4432,93
minecraft:magenta_concrete,13099,44
minecraft:blue_stained_glass,90751,349
minecraft:sign,43,11
minecraft:dead_bubble_coral_block,606,24
minecraft:blue_ice,4790,29
minecraft:pumpkin_stem,3947,341
minecraft:deepslate_brick_wall,5750,33
minecraft:quartz_bricks,335658,89
minecraft:netherite_block,11604,62
minecraft:waxed_copper_block,11619,39
minecraft:waxed_exposed_copper,1734,17
minecraft:smooth_basalt,20517,36
minecraft:light,1397176,64
minecraft:cracked_deepslate_bricks,3997,14
minecraft:cracked_deepslate_tiles,1096,13
minecraft:polished_blackstone_brick_wall,2164,42
minecraft:target,166,30
minecraft:waxed_cut_copper_stairs,6206,38
minecraft:infested_cracked_stone_bricks,78706,80
minecraft:deepslate_tile_slab,17252,63
minecraft:deepslate_brick_slab,12847,44
minecraft:warped_fence,1484,48
minecraft:polished_deepslate_stairs,5519,57
minecraft:polished_deepslate_slab,3716,59
minecraft:deepslate_bricks,61341,69
minecraft:blackstone,78546,71
minecraft:polished_basalt,16773,49
minecraft:blackstone_slab,12282,53
minecraft:blackstone_stairs,5452,58
minecraft:mangrove_stairs,4452,26
minecraft:stripped_mangrove_log,653,8
minecraft:stripped_mangrove_wood,6012,19
minecraft:mangrove_planks,1841,19
minecraft:mangrove_trapdoor,2468,28
minecraft:mangrove_slab,2213,24
minecraft:mangrove_fence,553,12
minecraft:mangrove_fence_gate,215,6
minecraft:blackstone_wall,4814,48
minecraft:deepslate_tile_stairs,15091,51
minecraft:flowering_azalea_leaves,12488,103
minecraft:prismarine_stairs,7874,33
minecraft:waxed_cut_copper,8698,19
minecraft:calcite,36808,89
minecraft:orange_glazed_terracotta,7681,66
minecraft:cherry_leaves,6432,8
minecraft:amethyst_cluster,336,31
minecraft:water_cauldron,980,100
minecraft:raw_gold_block,7833,42
minecraft:waxed_cut_copper_slab,4537,28
minecraft:raw_copper_block,492,8
minecraft:torchflower,50,5
minecraft:copper_ore,9681,79
minecraft:crimson_fence,921,32
minecraft:crimson_stairs,2380,50
minecraft:chain,20678,280
minecraft:crimson_door,316,23
minecraft:crimson_trapdoor,5125,51
minecraft:potted_crimson_fungus,85,34
minecraft:dirt_path,25523,94
minecraft:void_air,11255,5
minecraft:beehive,6489,84
minecraft:orange_shulker_box,6148,54
minecraft:pink_stained_glass_pane,5171,75
minecraft:warped_door,450,27
minecraft:polished_blackstone_brick_slab,5240,48
minecraft:ochre_froglight,589,27
minecraft:polished_blackstone_bricks,38211,59
minecraft:red_concrete_powder,36307,33
minecraft:stripped_acacia_wood,8393,40
minecraft:polished_blackstone_wall,2428,66
minecraft:tnt,72336,298
minecraft:attached_pumpkin_stem,496,27
minecraft:lime_bed,316,35
minecraft:jigsaw,1004,2
minecraft:infested_mossy_stone_bricks,29261,42
minecraft:purple_shulker_box,437,55
minecraft:magenta_concrete_powder,891,14
minecraft:lime_glazed_terracotta,4991,43
minecraft:dead_brain_coral_block,5002,37
minecraft:blue_concrete_powder,6696,31
minecraft:shulker_box,101,12
minecraft:stripped_acacia_log,6790,38
minecraft:chorus_flower,7005,50
minecraft:structure_block,50940,35
minecraft:acacia_sapling,221,15
minecraft:structure_void,1854,27
minecraft:magenta_wall_banner,155,23
minecraft:dead_horn_coral,22,8
minecraft:chain_command_block,256,19
minecraft:dead_horn_coral_wall_fan,312,10
minecraft:dead_fire_coral_wall_fan,168,10
minecraft:dead_bubble_coral_wall_fan,77,7
minecraft:dead_brain_coral_wall_fan,105,10
minecraft:dead_tube_coral_wall_fan,59,8
minecraft:dead_brain_coral_fan,143,17
minecraft:dead_shrub,3034,41
minecraft:cherry_fence,36,1
minecraft:warped_button,572,36
minecraft:warped_wall_sign,946,56
minecraft:mud_bricks,19861,44
minecraft:warped_trapdoor,4179,75
minecraft:hanging_roots,144,11
minecraft:deepslate_redstone_ore,334,4
minecraft:pointed_dripstone,377,16
minecraft:deepslate_tiles,44567,54
minecraft:deepslate_brick_stairs,9418,46
minecraft:light_gray_candle,192,19
minecraft:yellow_candle,156,19
minecraft:dark_oak_sapling,374,26
minecraft:frosted_ice,37,11
minecraft:tuff,30944,60
minecraft:moss_carpet,6385,56
minecraft:black_candle,191,26
minecraft:candle,717,67
minecraft:blue_candle,63,12
minecraft:polished_blackstone_pressure_plate,793,54
minecraft:warped_planks,21072,68
minecraft:moss_block,138031,75
minecraft:warped_stairs,5860,71
minecraft:shroomlight,5065,71
minecraft:warped_slab,13139,67
minecraft:mangrove_door,177,13
minecraft:polished_blackstone_brick_stairs,9263,56
minecraft:gilded_blackstone,5918,27
minecraft:cobbled_deepslate_slab,3158,39
minecraft:stripped_warped_hyphae,12430,30
minecraft:infested_deepslate,8,1
minecraft:stripped_crimson_hyphae,808,10
minecraft:warped_nylium,952,17
minecraft:deepslate_gold_ore,681,11
minecraft:amethyst_block,1931,31
minecraft:respawn_anchor,32,6
minecraft:soul_campfire,183,20
minecraft:crimson_planks,6976,35
minecraft:medium_amethyst_bud,28,9
minecraft:large_amethyst_bud,76,16
minecraft:polished_deepslate,17775,79
minecraft:crying_obsidian,5292,28
minecraft:chiseled_polished_blackstone,5595,28
minecraft:waxed_weathered_cut_copper_slab,2243,12
minecraft:waxed_oxidized_cut_copper_slab,1693,28
minecraft:deepslate,172842,33
minecraft:honeycomb_block,3135,21
minecraft:nether_gold_ore,1914,16
minecraft:deepslate_diamond_ore,28211,9
minecraft:stripped_crimson_stem,993,11
minecraft:white_candle,238,33
minecraft:crimson_hyphae,1114,14
minecraft:cobbled_deepslate_stairs,5864,44
minecraft:warped_wart_block,9672,29
minecraft:lodestone,2875,39
minecraft:cave_vines,332,24
minecraft:cave_vines_plant,1838,23
minecraft:basalt,11045,31
minecraft:soul_lantern,2687,96
minecraft:crimson_wall_sign,430,28
minecraft:soul_wall_torch,430,23
minecraft:tinted_glass,6579,52
minecraft:chiseled_bookshelf,1226,25
minecraft:polished_deepslate_wall,2714,42
minecraft:deepslate_tile_wall,7283,51
minecraft:bamboo_button,56,3
minecraft:soul_torch,174,21
minecraft:waxed_exposed_cut_copper_stairs,326,8
minecraft:waxed_weathered_cut_copper,1296,12
minecraft:waxed_oxidized_cut_copper,4990,22
minecraft:lightning_rod,1300,60
minecraft:waxed_oxidized_copper,1998,19
minecraft:waxed_weathered_copper,1131,16
minecraft:waxed_oxidized_cut_copper_stairs,913,31
minecraft:waxed_weathered_cut_copper_stairs,3786,14
minecraft:reinforced_deepslate,2173,4
minecraft:weathered_copper,459,8
minecraft:ancient_debris,920,10
minecraft:weathered_cut_copper_stairs,509,7
minecraft:honey_block,439,17
minecraft:pearlescent_froglight,330,14
minecraft:chiseled_deepslate,1876,18
minecraft:cobbled_deepslate_wall,3293,33
minecraft:mud_brick_wall,788,22
minecraft:mud_brick_slab,1500,15
minecraft:bamboo_slab,82,5
minecraft:raw_iron_block,46011,17
minecraft:oxidized_cut_copper,1720,16
minecraft:spore_blossom,344,23
minecraft:flowering_azalea,810,40
minecraft:glow_lichen,1751,33
minecraft:red_candle,271,37
minecraft:potted_cherry_sapling,55,9
minecraft:warped_fungus,54,13
minecraft:crimson_fungus,74,13
minecraft:crimson_slab,2938,34
minecraft:bamboo_stairs,50,4
minecraft:decorated_pot,174,15
minecraft:spruce_wall_hanging_sign,5,2
minecraft:bamboo_mosaic_stairs,41,3
minecraft:mangrove_roots,4434,7
minecraft:potted_warped_fungus,103,30
minecraft:birch_wall_hanging_sign,1,1
minecraft:jungle_wall_hanging_sign,3,1
minecraft:azalea_leaves,21194,66
minecraft:potted_azalea_bush,104,23
minecraft:orange_candle,123,16
minecraft:rooted_dirt,8059,45
minecraft:potted_torchflower,12,6
minecraft:budding_amethyst,132,9
minecraft:crimson_sign,14,7
minecraft:end_gateway,977,13
minecraft:mangrove_wall_sign,404,19
minecraft:muddy_mangrove_roots,1596,6
minecraft:crimson_button,394,30
minecraft:mangrove_button,198,11
minecraft:oak_hanging_sign,3,2
minecraft:warped_sign,65,6
minecraft:azalea,506,33
minecraft:twisting_vines_plant,1010,17
minecraft:twisting_vines,192,22
minecraft:warped_stem,928,15
minecraft:weeping_vines,210,29
minecraft:weeping_vines_plant,655,25
minecraft:crimson_stem,1824,15
minecraft:chiseled_nether_bricks,1731,10
minecraft:warped_hyphae,1052,8
minecraft:crimson_nylium,3624,25
minecraft:green_candle,52,16
minecraft:potted_flowering_azalea_bush,192,36
minecraft:gray_candle,79,12
minecraft:pink_candle,24,8
minecraft:light_blue_candle,42,13
minecraft:magenta_candle,22,13
minecraft:cobbled_deepslate,31792,59
minecraft:oxidized_cut_copper_slab,1389,20
minecraft:verdant_froglight,315,9
minecraft:mangrove_sign,2,1
minecraft:birch_sapling,192,72
minecraft:packed_mud,10119,20
minecraft:cracked_polished_blackstone_bricks,10042,21
minecraft:oxidized_cut_copper_stairs,1195,29
minecraft:mud,18308,11
minecraft:mud_brick_stairs,2161,22
minecraft:dripstone_block,32669,26
minecraft:waxed_exposed_cut_copper_slab,131,7
minecraft:oxidized_copper,3658,22
minecraft:mangrove_leaves,30355,12
minecraft:mangrove_wood,5086,13
minecraft:deepslate_coal_ore,7140,9
minecraft:stripped_warped_stem,2308,15
minecraft:sculk_sensor,1043,5
minecraft:deepslate_emerald_ore,4166,6
minecraft:warped_pressure_plate,29,10
minecraft:cyan_candle,46,13
minecraft:deepslate_iron_ore,22197,6
minecraft:deepslate_copper_ore,1011,8
minecraft:deepslate_lapis_ore,279,2
minecraft:big_dripleaf,78,14
minecraft:big_dripleaf_stem,44,11
minecraft:small_dripleaf,233,14
minecraft:lime_candle,68,10
minecraft:brown_candle,178,16
minecraft:short_grass,11321,13
minecraft:piglin_head,37,6
minecraft:dead_bubble_coral_fan,131,16
minecraft:warped_fence_gate,305,22
minecraft:mangrove_pressure_plate,20,3
minecraft:purple_candle,42,6
minecraft:potted_mangrove_propagule,14,9
minecraft:sculk_vein,262,5
minecraft:oak_wall_hanging_sign,5,2
minecraft:cherry_wall_sign,23,3
minecraft:bamboo_wall_sign,27,4
minecraft:cherry_slab,162,3
minecraft:sculk,2048,4
minecraft:small_amethyst_bud,77,8
minecraft:soul_soil,941,22
minecraft:warped_roots,1383,14
minecraft:crimson_pressure_plate,83,10
minecraft:lava_cauldron,6,3
minecraft:exposed_cut_copper_stairs,132,8
minecraft:exposed_cut_copper_slab,131,6
minecraft:weathered_cut_copper_slab,254,4
minecraft:weathered_cut_copper,728,4
minecraft:sculk_catalyst,1,1
minecraft:exposed_cut_copper,60,3
minecraft:exposed_copper,226,5
minecraft:waxed_exposed_cut_copper,393,5
minecraft:crimson_fence_gate,286,8
minecraft:mangrove_propagule,462,2
minecraft:mangrove_log,2309,2
minecraft:cut_copper,160,2
minecraft:copper_block,1410,6
minecraft:potted_crimson_roots,21,13
minecraft:potted_warped_roots,17,13
minecraft:crimson_roots,179,12
minecraft:bamboo_fence,105,4
minecraft:bamboo_door,28,2
minecraft:cherry_planks,1,1
minecraft:cherry_stairs,87,3
minecraft:bamboo_trapdoor,243,7
minecraft:bamboo_block,79,3
minecraft:pink_petals,186,5
minecraft:cherry_button,2,1
minecraft:cherry_wall_hanging_sign,2,1
minecraft:nether_sprouts,235,9
minecraft:cut_copper_stairs,172,6
minecraft:soul_fire_lantern,28,1
minecraft:soul_fire,48,8
minecraft:cherry_sapling,41,2
minecraft:powder_snow,1749,6
minecraft:cut_copper_slab,28,3
minecraft:cherry_log,497,3
minecraft:dark_oak_wall_hanging_sign,41,3
minecraft:suspicious_sand,22,1
minecraft:cherry_trapdoor,45,3
minecraft:red_candle_cake,3,1
minecraft:piglin_wall_head,95,2
minecraft:cherry_fence_gate,1,1
minecraft:dark_oak_hanging_sign,4,2
minecraft:bamboo_mosaic_slab,2,1
minecraft:bamboo_fence_gate,5,1
minecraft:bamboo_planks,11,1
minecraft:birch_hanging_sign,1,1
minecraft:stripped_cherry_wood,2,1
minecraft:azalea_leaves_flowers,37,1
minecraft:cracked_nether_bricks,68,3
minecraft:powder_snow_cauldron,1,1
minecraft:moving_piston,1,1
minecraft:cherry_wood,477,1
minecraft:bamboo_pressure_plate,12,1
